k,P_norm
0,0.000000e+00
1,2.758453e+01
2,1.070791e+01
3,3.916335e+00
4,2.185488e+00
5,1.251256e+00
6,7.657844e-01
7,5.374149e-01
8,3.566541e-01
9,2.238480e-01
10,1.503217e-01
11,9.901754e-02
12,6.857453e-02
13,4.865115e-02
14,3.287620e-02
15,2.229214e-02
16,1.552804e-02
17,1.063482e-02
18,6.940426e-03
19,4.973769e-03
20,3.540685e-03
21,2.402037e-03
22,1.616539e-03
23,1.091614e-03
24,7.359843e-04
25,5.098468e-04
26,3.513694e-04
27,2.329960e-04
28,1.596750e-04
29,1.093640e-04
30,7.150326e-05
31,4.877820e-05
32,3.349300e-05
33,2.281139e-05
34,1.498695e-05
35,9.985785e-06
36,6.674773e-06
37,4.467557e-06
38,2.831632e-06
39,1.923400e-06
40,1.249196e-06
41,7.666998e-07
42,4.822388e-07
43,2.943773e-07
44,1.848877e-07
45,1.126317e-07
46,6.592276e-08
47,3.845161e-08
48,1.862931e-09
